"gender","age","income","edu.level","years.prof.exp","experience.np.create","experience.np.form","experience.np.other","take.on.debt","seed.funding","most.imp.fund.source"
"Female",54,79669,"Graduate","11-15","No","No","Yes","$0","No","Donations"
"Female",62,63474,"Graduate","15+","No","Yes","Yes","$0","No","Gov Grant"
"Female",70,27887,"Graduate","15+","Yes","Yes","Yes","$0","No","Donations"
"Male",63,63474,"Graduate","15+","Yes","No","Yes","$0","No","Donations"
"Female",60,170832,"Graduate","15+","Yes","Yes","Yes","$0","Yes","Corp Grant"
"Female",41,69531,"Graduate","6-10","Yes","No","No","$0","Yes","Gov Grant"
"Male",45,52623,"None","15+","No","No","No","$0","No","Founder"
"Male",42,79768,"Graduate","15+","No","No","No","$0","Yes","Donations"
"Male",63,126294,"Bachelor","15+","No","No","No","$0","No","Parent Org"
"Male",73,97548,"Graduate","15+","No","No","Yes","$0","No","Donations"
"Male",63,144490,"Graduate","15+","Yes","No","Yes","$25k-$50k","No","Founder"
"Male",60,46409,"Bachelor","15+","No","Yes","No","$0","No","Donations"
"Female",50,56598,"Bachelor","11-15","No","Yes","Yes","$0","No","Earned Revenues"
"Male",80,85892,"Graduate","15+","Yes","Yes","Yes","$0","Yes","Donations"
"Female",50,19541,"Bachelor","3-5","Yes","Yes","Yes","$0","Yes","Foundation Grant"
"Female",31,68707,"Bachelor","6-10","Yes","No","Yes","$0","No","Donations"
"Male",64,171641,"Bachelor","15+","No","No","Yes","$0","No","Gov Grant"
"Female",30,996,"Graduate","6-10","No","No","No","$0","No","Founder"
"Female",62,33158,NA,"15+","No","No","No","$0","No","Gov Grant"
"Female",64,36496,"Bachelor","15+","Yes","Yes","Yes","$0","No","Donations"
"Female",65,82807,"Bachelor","15+","Yes","Yes","Yes","$0","No","Donations"
"Male",29,27862,"Bachelor","6-10","Yes","Yes","No","$0","No","Foundation Grant"
"Female",55,52390,"Bachelor","15+","Yes","Yes","No","$0","Yes","Foundation Grant"
"Female",26,3332,"Bachelor","1-2","No","No","Yes","$0","No","Angel"
"Female",55,4838,"Graduate","15+","No","No","No","$0k-$10k","Yes","Earned Revenues"
"Male",53,67099,"Graduate","15+","No","No","No","$0","No","Foundation Grant"
"Male",66,102495,"Graduate","15+","Yes","Yes","Yes","$0","No","Founder"
"Male",33,180373,"Graduate","11-15","No","No","No","$0","No","Founder"
"Male",61,179130,NA,"15+","No","No","No","$10k-$25k","No","Donations"
"Male",35,33049,"Bachelor","11-15","Yes","No","No","$0","No","Gov Grant"
"Female",53,108039,"None","15+","Yes","Yes","Yes","$0k-$10k","No","Member Fees"
"Female",59,52848,"Graduate","15+","No","No","Yes","$0","No","Donations"
"Male",65,60884,"Graduate","15+","No","No","Yes","$0","Yes","Gov Grant"
"Female",68,95716,"Bachelor","15+","No","No","No","$0","No","Donations"
"Female",80,105032,"Graduate","15+","Yes","No","Yes","$0","No","Donations"
"Male",62,74038,"Bachelor","15+","Yes","Yes","Yes","$10k-$25k","No","Founder"
"Female",49,35951,"Bachelor","15+","No","No","Yes","$0","No","Donations"
"Male",51,138028,"Graduate","15+","Yes","Yes","Yes","$0","No","Donations"
"Male",41,48971,"Graduate","11-15","No","No","Yes","$0","Yes","Founder"
"Male",66,63474,"Graduate","15+","No","No","No","$0","No","Member Fees"
"Female",37,47321,"Bachelor","15+","No","No","No","$0","No","Earned Revenues"
"Male",29,5463,"Bachelor","6-10","No","Yes","No","$50k+","Yes","Angel"
"Male",66,95708,"Bachelor","15+","No","No","Yes","$0","No","Donations"
"Female",37,32112,"Bachelor","11-15","No","Yes","Yes","$0","No","Earned Revenues"
"Female",58,160270,"Graduate","15+","No","No","Yes","$0","No","Angel"
"Male",62,141477,"Graduate","15+","Yes","No","Yes","$0","Yes","Angel"
"Male",38,38020,NA,"1-2","Yes","No","Yes","$0","No","Donations"
"Male",65,148716,"Graduate","15+","Yes","Yes","Yes","$25k-$50k","No","Gov Grant"
"Male",70,107117,"Graduate","15+","Yes","Yes","Yes","$0","Yes","Member Fees"
"Female",37,120946,NA,"15+","Yes","No","Yes","$0","No","Founder"
"Female",52,42996,"Graduate","15+","Yes","No","Yes","$0","Yes","Donations"
"Female",55,53584,"None","15+","Yes","No","Yes","$0","No","Member Fees"
"Male",71,63474,"Graduate","15+","Yes","Yes","Yes","$0","No","Member Fees"
"Male",37,9851,"High School","3-5","No","No","No","$0","No","Founder"
"Male",54,1342,"None","3-5","Yes","Yes","Yes","$0","No","Foundation Grant"
"Male",67,7695,"Bachelor","15+","No","Yes","Yes","$0","No","Member Fees"
"Female",57,69371,"Bachelor","15+","No","No","No","$0","No","Founder"
"Female",30,58135,"None","3-5","No","No","No","$0","No","Donations"
"Female",56,52931,"Bachelor","15+","Yes","Yes","Yes","$0","Yes","Earned Revenues"
"Female",59,87730,NA,"15+","Yes","No","Yes","$0","No","Foundation Grant"
"Female",50,134956,"Graduate","15+","Yes","No","Yes","$0","Yes","Angel"
"Male",48,63474,"Graduate","15+","Yes","Yes","Yes","$0","Yes","Donations"
"Female",52,59078,"Bachelor","15+","Yes","Yes","Yes","$0","No","Donations"
"Male",53,90479,"Bachelor","15+","Yes","Yes","Yes","$10k-$25k","No","Earned Revenues"
"Female",35,84248,"Bachelor","3-5","No","No","No","$0","Yes","Donations"
"Male",56,117968,"Bachelor","15+","No","Yes","Yes","$25k-$50k","Yes","Angel"
"Male",59,127616,"Bachelor","15+","No","No","No","$0","No","Founder"
"Female",43,53566,"Bachelor","15+","No","Yes","Yes","$0","No","Earned Revenues"
"Male",52,63474,"Bachelor","15+","Yes","Yes","Yes","$10k-$25k","No","Donations"
"Female",66,60948,"Graduate","15+","Yes","No","Yes","$0","No","Earned Revenues"
"Female",55,167883,"Graduate","15+","Yes","Yes","Yes","$0k-$10k","No","Gov Grant"
"Male",57,147565,"Graduate","15+","Yes","Yes","Yes","$0","Yes","Parent Org"
"Male",70,191868,"Graduate","15+","Yes","Yes","Yes","$0","No","Gov Grant"
"Male",58,57910,"Graduate","15+","No","Yes","Yes","$0","No","Donations"
"Female",42,102876,NA,"15+","No","No","No","$0","No","Gov Grant"
"Female",72,167160,"Graduate","15+","Yes","Yes","Yes","$0","Yes","Gov Grant"
"Female",55,43351,"Bachelor","15+","Yes","No","No","$0","No","Parent Org"
"Male",66,6518,"Some College","15+","No","No","Yes","$0","No","Donations"
"Female",46,3735,"Graduate","6-10","No","No","No","$0","No","Donations"
"Female",48,65015,NA,"0","No","No","No","$0","No","Donations"
"Male",68,101097,"Graduate","11-15","No","No","Yes","$0","No","Donations"
"Female",71,68855,NA,"15+","No","No","Yes","$0","No","Donations"
"Female",54,14966,"Graduate","6-10","Yes","Yes","No","$0","Yes","Donations"
"Female",29,21842,"Bachelor","3-5","No","No","No","$0","No","Donations"
"Male",68,190011,"Graduate","15+","No","No","Yes","$0","No","Founder"
"Male",53,127025,"Graduate","15+","Yes","Yes","Yes","$0","No","Earned Revenues"
"Female",NA,61277,"Graduate","15+","No","No","No","$0k-$10k","No","Member Fees"
"Female",51,3432,NA,"15+","Yes","Yes","Yes","$0k-$10k","Yes","Parent Org"
"Female",55,90205,"Bachelor","15+","Yes","Yes","Yes","$0","No","Gov Grant"
"Male",50,163085,"Bachelor","15+","No","Yes","Yes","$10k-$25k","No","Donations"
"Male",45,76672,"Some College","15+","Yes","No","Yes","$0","No","Founder"
"Female",60,97657,"Graduate","15+","No","No","Yes","$10k-$25k","No","Gov Grant"
"Female",68,98194,"Graduate","15+","Yes","No","Yes","$0","No","Donations"
"Male",61,25662,"Graduate","15+","No","Yes","Yes","$0","Yes","Donations"
"Female",56,9343,"None","6-10","No","No","No","$0k-$10k","No","Earned Revenues"
"Female",41,21930,NA,"11-15","No","No","Yes","$0","No","Donations"
"Female",55,12951,"Bachelor","0","No","No","No","$0","Yes","Foundation Grant"
"Female",39,16123,"None","0","No","No","Yes","$10k-$25k","No","Founder"
"Male",53,26261,"Graduate","15+","No","No","No","$0","Yes","Donations"
"Female",37,55565,"Graduate","15+","No","No","Yes","$50k+","Yes","Gov Grant"
"Female",46,79169,"Bachelor","15+","No","No","No","$0","No","Earned Revenues"
"Female",54,19522,NA,"6-10","Yes","Yes","Yes","$0","Yes","Donations"
"Female",52,63474,"Graduate","15+","Yes","No","Yes","$0","No","Angel"
"Male",37,180252,"Bachelor","11-15","No","No","Yes","$0","No","Donations"
"Male",50,112979,"Graduate","15+","No","No","Yes","$50k+","No","Donations"
"Female",57,45113,NA,"15+","Yes","No","No","$0","No","Founder"
"Male",45,116773,"Graduate","15+","No","No","No","$0","No","Donations"
"Male",40,63474,"Graduate","15+","Yes","Yes","Yes","$0","Yes","Gov Grant"
"Male",64,30707,NA,"3-5","No","Yes","No","$0","No","Gov Grant"
"Female",45,27292,"Bachelor","15+","Yes","No","Yes","$0","Yes","Foundation Grant"
"Female",54,33133,NA,"15+","No","Yes","No","$0","No","Founder"
"Female",60,63474,"Graduate","15+","Yes","Yes","Yes","$0","Yes","Parent Org"
"Female",53,63474,"Bachelor","15+","No","No","Yes","$0","No","Earned Revenues"
"Female",60,63474,"Graduate","15+","Yes","No","Yes","$0","No","Donations"
"Male",60,122625,"Bachelor","15+","Yes","No","Yes","$0k-$10k","No","Member Fees"
"Male",70,181262,"Graduate","15+","Yes","Yes","Yes","$0","No","Angel"
"Female",51,164268,"Bachelor","15+","No","No","No","$0","No","Founder"
"Male",34,34546,"Bachelor","6-10","No","No","No","$25k-$50k","No","Founder"
"Female",56,22978,"None","0","No","No","Yes","$0","Yes","Donations"
"Male",47,120584,"Graduate","11-15","No","No","No","$50k+","Yes","Founder"
"Female",41,9340,NA,"3-5","No","No","No","$0","No","Donations"
"Male",68,67100,"Graduate","6-10","No","No","No","$0","No","Donations"
"Male",63,74369,NA,"15+","No","No","Yes","$0","No","Donations"
"Female",61,146490,"Bachelor","15+","No","No","No","$0","No","Donations"
"Female",55,21005,"Graduate","15+","No","No","No","$0","No","Founder"
"Female",44,33253,NA,"15+","No","No","No","$0","No","Donations"
"Male",62,116051,"Bachelor","15+","No","No","Yes","$0","Yes","Parent Org"
"Female",64,63474,"Graduate","15+","No","Yes","No","$0k-$10k","Yes","Donations"
"Male",61,12903,"None","0","No","No","No","$0","No","Donations"
"Female",34,48275,"Graduate","11-15","No","No","Yes","$0","No","Founder"
"Female",46,72402,"Graduate","15+","No","No","Yes","$10k-$25k","No","Angel"
"Male",52,102698,"Bachelor","15+","No","No","No","$50k+","No","Donations"
"Male",38,63474,"Graduate","11-15","No","No","Yes","$0","No","Donations"
"Male",57,63474,"Some College","15+","No","No","Yes","$0","No","Donations"
"Female",56,34787,"Graduate","15+","No","No","No","$0","No","Foundation Grant"
"Female",41,48035,NA,"3-5","Yes","Yes","Yes","$0k-$10k","No","Earned Revenues"
"Male",54,38209,NA,"11-15","No","No","No","$0k-$10k","No","Foundation Grant"
"Male",59,61923,"Graduate","15+","No","Yes","Yes","$0","Yes","Earned Revenues"
"Female",59,99588,"Bachelor","15+","No","No","Yes","$10k-$25k","No","Founder"
"Male",38,43935,"Bachelor","11-15","No","No","No","$0","No","Donations"
"Female",54,68245,"Bachelor","15+","No","No","No","$10k-$25k","No","Earned Revenues"
"Male",55,98649,"Graduate","15+","Yes","No","Yes","$0","No","Gov Grant"
"Female",60,187191,"Graduate","11-15","Yes","No","Yes","$0","No","Donations"
"Female",56,32688,NA,"15+","No","No","Yes","$0","No","Donations"
"Female",27,53803,"Bachelor","3-5","No","No","No","$0","No","Foundation Grant"
"Male",71,78738,"Graduate","15+","No","No","Yes","$0","No","Founder"
"Female",40,37219,NA,"3-5","No","No","No","$0k-$10k","No","Donations"
"Female",55,55595,"Bachelor","15+","Yes","Yes","Yes","$0","Yes","Gov Grant"
"Male",62,98106,"Bachelor","15+","No","No","No","$50k+","No","Angel"
"Female",46,23873,"Bachelor","11-15","No","No","Yes","$0","Yes","Gov Grant"
"Male",57,70919,"Graduate","15+","Yes","Yes","Yes","$0","Yes","Earned Revenues"
"Male",60,189788,"Graduate","15+","Yes","Yes","Yes","$0","No","Donations"
"Male",39,101424,"Graduate","11-15","Yes","No","Yes","$0","Yes","Corp Grant"
"Female",40,34155,"Bachelor","6-10","Yes","No","Yes","$0","No","Donations"
"Female",57,3323,"Bachelor","15+","No","Yes","No","$0","No","Parent Org"
"Female",73,74536,NA,"15+","Yes","Yes","Yes","$0","No","Foundation Grant"
"Male",67,57445,NA,"15+","No","No","Yes","$0","Yes","Donations"
"Female",47,32121,"None","0","No","No","No","$0","No","Donations"
"Male",77,60844,"Graduate","15+","Yes","No","Yes","$0","No","Donations"
"Male",72,58312,"Some College","15+","No","No","Yes","$0","No","Donations"
"Male",42,84911,NA,"15+","Yes","No","Yes","$0","No","Donations"
"Male",42,100587,"None","15+","No","No","Yes","$0","No","Donations"
"Male",39,76333,"Graduate","11-15","No","Yes","No","$0","No","Gov Grant"
"Female",40,118472,"Graduate","15+","No","No","Yes","$0","Yes","Gov Grant"
"Female",74,62048,"Graduate","15+","Yes","No","Yes","$0","No","Donations"
"Female",51,38128,"Graduate","3-5","No","No","Yes","$0","No","Foundation Grant"
"Male",49,108050,"Bachelor","15+","Yes","No","Yes","$0","No","Donations"
"Female",68,117896,"Bachelor","6-10","Yes","Yes","Yes","$0","No","Donations"
"Female",59,138025,"Graduate","15+","No","No","Yes","$0","No","Gov Grant"
"Female",NA,63474,"Graduate","15+","No","No","Yes","$0","Yes","Foundation Grant"
"Male",50,115358,"Graduate","15+","No","No","No","$0k-$10k","No","Founder"
"Male",76,2078,"Graduate","11-15","Yes","Yes","Yes","$25k-$50k","No","Founder"
"Female",75,145699,NA,"15+","Yes","Yes","Yes","$0","No","Founder"
"Male",70,41002,"Bachelor","15+","No","No","No","$0","No","Donations"
"Female",55,4324,"None","6-10","No","No","Yes","$0","No","Founder"
"Female",39,20976,"Graduate","11-15","No","No","Yes","$0","No","Foundation Grant"
"Male",53,63474,"Bachelor","15+","Yes","Yes","Yes","$0k-$10k","Yes","Foundation Grant"
"Male",60,107609,NA,"15+","Yes","Yes","Yes","$0","No","Donations"
"Female",59,63474,NA,"0","No","No","No","$0","No","Donations"
"Male",59,61711,"Graduate","15+","No","No","No","$0","Yes","Donations"
"Female",63,72774,"Graduate","15+","No","No","No","$0","Yes","Donations"
"Female",46,22102,"Graduate","15+","No","No","No","$0","No","Earned Revenues"
"Female",52,63474,NA,"15+","No","No","No","$0","No","Founder"
"Female",39,63474,NA,"6-10","No","No","Yes","$0k-$10k","No","Donations"
"Male",56,89876,"Graduate","15+","Yes","Yes","Yes","$0","No","Donations"
"Male",49,76099,"Graduate","6-10","No","No","Yes","$50k+","Yes","Earned Revenues"
"Male",50,63474,"Graduate","15+","No","No","Yes","$0","No","Donations"
"Female",55,72880,"Graduate","15+","No","No","Yes","$0","No","Gov Grant"
"Female",35,186420,"Graduate","11-15","No","No","No","$0","No","Donations"
"Female",56,101110,"Bachelor","15+","Yes","Yes","Yes","$0","No","Founder"
"Female",70,99742,"Bachelor","15+","No","No","No","$0","No","Earned Revenues"
"Female",44,27167,"Bachelor","11-15","No","Yes","Yes","$0k-$10k","No","Earned Revenues"
"Female",44,32934,"Bachelor","6-10","No","No","No","$0","No","Donations"
"Male",56,32367,"Graduate","15+","No","No","No","$10k-$25k","No","Donations"
"Female",74,63474,"Graduate","15+","No","No","No","$0","Yes","Gov Grant"
"Male",47,57363,"Bachelor","15+","Yes","Yes","Yes","$0","No","Founder"
"Male",62,76151,"Bachelor","15+","Yes","No","Yes","$0","No","Gov Grant"
"Female",43,47793,"Bachelor","6-10","No","No","Yes","$10k-$25k","No","Founder"
"Female",56,22279,"Bachelor","3-5","No","No","No","$0k-$10k","No","Founder"
"Male",75,199684,"Graduate","15+","Yes","Yes","Yes","$0","Yes","Donations"
"Male",72,125778,"Bachelor","15+","Yes","Yes","Yes","$0","No","Earned Revenues"
"Female",46,9331,"Graduate","11-15","No","Yes","Yes","$0","No","Donations"
"Male",35,21021,"Bachelor","6-10","No","No","No","$0k-$10k","No","Earned Revenues"
"Female",36,41035,"Bachelor","11-15","No","No","Yes","$25k-$50k","No","Donations"
"Female",30,63474,"Bachelor","6-10","No","No","No","$0","Yes","Founder"
"Female",46,123640,"Bachelor","15+","No","No","Yes","$0","No","Donations"
"Male",71,91260,"Graduate","15+","Yes","Yes","Yes","$0","No","Donations"
"Female",57,146300,"Graduate","15+","Yes","Yes","Yes","$0","Yes","Foundation Grant"
"Male",64,78509,"Graduate","15+","No","Yes","Yes","$0","No","Foundation Grant"
"Female",44,39182,NA,"6-10","No","No","No","$0k-$10k","No","Founder"
"Female",67,63474,"Some College","15+","No","No","Yes","$0","Yes","Corp Grant"
"Female",48,60015,"Graduate","11-15","No","No","No","$0","No","Donations"
"Female",36,48388,"Graduate","15+","No","No","No","$0k-$10k","No","Donations"
"Female",71,35011,"Graduate","15+","No","No","No","$0","No","Earned Revenues"
"Male",38,29317,"Bachelor","11-15","Yes","Yes","Yes","$0","No","Donations"
"Female",47,63474,NA,"3-5","Yes","Yes","No","$0","No","Donations"
"Female",36,61300,"Bachelor","11-15","No","No","No","$0","No","Founder"
"Female",29,22206,"Graduate","6-10","No","No","Yes","$0","No","Donations"
"Female",55,27120,"Bachelor","15+","Yes","Yes","Yes","$50k+","No","Earned Revenues"
"Male",29,45596,NA,"3-5","No","No","No","$0","No","Donations"
"Male",36,43044,"Graduate","11-15","No","No","No","$0","No","Donations"
"Male",65,43207,"Bachelor","15+","Yes","Yes","Yes","$10k-$25k","No","Founder"
"Female",38,63958,"Graduate","11-15","Yes","No","No","$10k-$25k","No","Founder"
"Male",51,77039,"Bachelor","11-15","No","No","No","$0k-$10k","No","Earned Revenues"
"Male",55,187398,"Graduate","15+","Yes","Yes","Yes","$0","Yes","Foundation Grant"
"Female",44,101962,"Some College","15+","No","No","No","$0","No","Donations"
"Male",33,20972,"Bachelor","6-10","Yes","No","Yes","$0","No","Earned Revenues"
"Male",71,95791,"Graduate","15+","No","No","No","$0","No","Donations"
"Female",56,70999,"Graduate","15+","Yes","Yes","Yes","$0","No","Foundation Grant"
"Male",29,32672,"Graduate","3-5","No","No","No","$0","No","Earned Revenues"
"Male",60,63474,NA,"15+","Yes","Yes","Yes","$0","No","Member Fees"
"Female",75,114499,"Graduate","15+","Yes","Yes","Yes","$0","Yes","Donations"
"Female",41,63474,"Bachelor","15+","No","No","No","$25k-$50k","No","Member Fees"
"Female",72,136653,"Bachelor","15+","Yes","No","Yes","$0","No","Foundation Grant"
"Male",34,26250,"Graduate","3-5","No","Yes","No","$0","Yes","Earned Revenues"
"Male",37,59064,"Graduate","15+","Yes","Yes","No","$10k-$25k","No","Donations"
"Male",63,44138,"Graduate","15+","Yes","Yes","Yes","$0","Yes","Donations"
"Female",NA,29265,NA,"11-15","No","Yes","Yes","$0","No","Earned Revenues"
"Female",59,54718,"None","15+","No","Yes","Yes","$0","No","Donations"
"Female",47,45087,"Bachelor","15+","Yes","Yes","Yes","$0k-$10k","No","Donations"
"Female",51,107451,"Bachelor","15+","Yes","No","Yes","$0","No","Foundation Grant"
"Female",45,63474,"Graduate","15+","No","No","No","$0","Yes","Foundation Grant"
"Male",78,76627,"Graduate","15+","No","No","No","$0","No","Member Fees"
"Male",41,14677,"Graduate","11-15","Yes","Yes","Yes","$0k-$10k","No","Donations"
"Female",65,79759,"Bachelor","15+","Yes","Yes","Yes","$0","No","Founder"
"Female",46,46493,"Bachelor","15+","No","No","No","$0","Yes","Donations"
"Male",35,34775,"Graduate","11-15","No","Yes","No","$0","No","Donations"
"Male",50,126008,"Bachelor","15+","Yes","Yes","Yes","$10k-$25k","No","Donations"
"Female",54,26872,NA,"15+","No","No","No","$0","No","Founder"
"Male",69,184518,"Graduate","15+","No","No","Yes","$25k-$50k","No","Donations"
"Female",64,20425,"Some College","15+","Yes","No","Yes","$0","No","Gov Grant"
"Female",48,94193,"High School","0","No","No","No","$50k+","No","Founder"
"Female",61,30123,"Graduate","15+","No","No","No","$0","Yes","Foundation Grant"
"Female",NA,63474,NA,"15+","Yes","No","No","$0","No","Earned Revenues"
"Male",64,117178,"Bachelor","15+","No","No","No","$0","No","Earned Revenues"
"Female",30,27018,NA,"3-5","No","No","No","$0","No","Donations"
"Female",64,58666,"Graduate","6-10","No","No","No","$0","No","Earned Revenues"
"Male",62,59446,"None","15+","No","No","Yes","$25k-$50k","No","Founder"
"Male",50,31216,"Graduate","11-15","Yes","No","Yes","$0","No","Donations"
"Female",26,19424,"Bachelor","3-5","Yes","Yes","No","$0","No","Parent Org"
"Female",46,6827,"Bachelor","3-5","No","No","Yes","$0","No","Founder"
"Female",52,191540,"Bachelor","15+","Yes","No","Yes","$0","No","Donations"
"Female",50,95980,"Graduate","15+","Yes","No","Yes","$0","No","Corp Grant"
"Female",73,54797,NA,"15+","Yes","No","Yes","$0","Yes","Foundation Grant"
"Female",70,86426,NA,"15+","No","Yes","No","$0","No","Donations"
"Male",33,57714,"Bachelor","11-15","No","Yes","No","$0","Yes","Gov Grant"
"Female",63,71437,"Bachelor","6-10","Yes","Yes","No","$0","No","Donations"
"Female",57,63474,"Some College","3-5","No","No","Yes","$0k-$10k","No","Founder"
"Male",45,38244,"Graduate","15+","No","No","No","$0","No","Earned Revenues"
"Female",47,34064,"Bachelor","15+","No","Yes","No","$0","No","Foundation Grant"
"Female",48,41262,"Graduate","11-15","Yes","Yes","No","$0k-$10k","No","Donations"
"Female",38,48889,"Graduate","6-10","No","No","No","$0","No","Founder"
"Male",45,71052,"Graduate","15+","No","No","No","$0","No","Gov Grant"
"Female",41,12682,"None","3-5","No","No","No","$0","No","Donations"
"Female",36,71680,"Bachelor","11-15","No","No","No","$0","No","Donations"
"Male",55,136508,"High School","15+","Yes","Yes","No","$0","No","Donations"
"Female",55,82209,"Graduate","11-15","No","No","No","$0","No","Donations"
"Male",81,108961,"Graduate","15+","Yes","Yes","Yes","$0","Yes","Foundation Grant"
"Female",55,116531,"Bachelor","11-15","No","No","Yes","$0","No","Donations"
"Male",65,63474,NA,"15+","Yes","No","Yes","$0","No","Donations"
"Female",52,53129,"Graduate","6-10","Yes","Yes","Yes","$0","No","Founder"
"Female",52,117037,"Bachelor","11-15","Yes","Yes","Yes","$0","No","Donations"
"Female",42,81785,NA,"15+","Yes","No","Yes","$0","Yes","Earned Revenues"
"Male",29,70548,"Graduate","6-10","No","Yes","Yes","$0","Yes","Donations"
"Female",64,70389,"Graduate","15+","No","No","Yes","$25k-$50k","No","Founder"
"Male",79,21261,"Graduate","15+","Yes","No","Yes","$0","No","Donations"
"Male",40,80584,"Graduate","0","No","No","No","$0","No","Founder"
"Female",75,63474,"Graduate","15+","Yes","Yes","Yes","$0","Yes","Foundation Grant"
"Female",60,55433,"Graduate","15+","Yes","Yes","No","$0","No","Donations"
"Female",53,151364,"Bachelor","15+","No","No","Yes","$0","Yes","Donations"
"Male",46,124451,"Graduate","15+","Yes","No","No","$50k+","No","Parent Org"
"Female",52,131260,"Graduate","3-5","No","Yes","Yes","$0","No","Donations"
"Male",NA,146255,"Some College","6-10","No","No","Yes","$0k-$10k","Yes","Founder"
"Male",53,109628,"Graduate","15+","Yes","Yes","Yes","$0","Yes","Donations"
"Male",66,93307,"Graduate","15+","Yes","Yes","Yes","$0","No","Donations"
"Female",51,48324,NA,"11-15","No","No","No","$0","No","Earned Revenues"
"Male",57,27500,"Graduate","3-5","Yes","No","Yes","$0","Yes","Foundation Grant"
"Female",53,84390,"Bachelor","15+","Yes","No","Yes","$0","No","Founder"
"Male",74,182308,"Graduate","15+","Yes","Yes","Yes","$0","Yes","Gov Grant"
"Male",45,51716,"Bachelor","15+","Yes","Yes","Yes","$0","Yes","Donations"
"Male",55,53259,NA,"15+","Yes","Yes","Yes","$25k-$50k","No","Gov Grant"
"Female",41,76084,"Bachelor","11-15","No","No","No","$0","No","Donations"
"Male",51,168498,"Bachelor","15+","Yes","Yes","Yes","$0","No","Donations"
"Female",71,63474,"Graduate","15+","Yes","Yes","Yes","$0","Yes","Founder"
"Female",58,77088,"None","15+","No","No","No","$0","No","Donations"
"Female",NA,180442,"Graduate","15+","No","Yes","Yes","$0","No","Member Fees"
"Male",64,52179,"Graduate","6-10","No","No","Yes","$0","Yes","Foundation Grant"
"Male",52,23522,"Graduate","15+","No","No","No","$0","No","Donations"
"Male",65,44853,"Graduate","15+","No","Yes","Yes","$50k+","Yes","Gov Grant"
"Female",NA,10082,"Bachelor","15+","Yes","No","Yes","$0","No","Earned Revenues"
"Female",64,15659,NA,"15+","Yes","Yes","Yes","$0","No","Donations"
"Male",72,145056,"Bachelor","15+","No","Yes","No","$0","No","Donations"
"Male",51,160428,"Graduate","15+","No","No","No","$0","No","Donations"
"Male",47,47239,"None","3-5","No","No","Yes","$0","Yes","Donations"
"Female",55,41041,"Bachelor","15+","Yes","Yes","Yes","$0","No","Earned Revenues"
"Female",46,24565,"Graduate","15+","Yes","No","Yes","$0","No","Angel"
"Female",63,177860,"Bachelor","15+","No","No","Yes","$0","Yes","Earned Revenues"
"Female",71,63474,"Bachelor","3-5","Yes","Yes","Yes","$0","No","Earned Revenues"
"Female",48,119357,"Graduate","15+","No","No","No","$50k+","No","Founder"
"Female",NA,126625,"Bachelor","15+","Yes","Yes","No","$0","Yes","Donations"
"Female",49,32736,"Graduate","15+","No","No","Yes","$0","No","Donations"
"Male",65,44115,"Graduate","15+","Yes","No","Yes","$0","Yes","Member Fees"
"Male",59,93079,"Graduate","15+","Yes","No","Yes","$0","No","Donations"
"Female",36,5817,"Graduate","0","No","No","Yes","$0k-$10k","No","Founder"
"Female",54,11194,"Graduate","15+","No","No","Yes","$0","No","Donations"
"Female",44,125809,"Graduate","11-15","Yes","No","Yes","$0k-$10k","Yes","Founder"
"Female",65,80397,"Graduate","15+","No","Yes","No","$0","No","Donations"
"Male",46,48028,"Graduate","6-10","No","No","No","$0","Yes","Donations"
"Female",65,147132,"Bachelor","15+","Yes","No","Yes","$0","No","Donations"
"Male",34,24222,"Bachelor","11-15","Yes","Yes","Yes","$0k-$10k","No","Parent Org"
"Male",57,55348,"Bachelor","11-15","Yes","No","Yes","$0","No","Earned Revenues"
"Female",49,40867,"Graduate","11-15","No","No","Yes","$0","No","Donations"
"Male",65,58684,NA,"15+","No","No","Yes","$10k-$25k","No","Donations"
"Female",42,35347,"Bachelor","15+","Yes","Yes","Yes","$10k-$25k","Yes","Earned Revenues"
"Female",51,20505,"Bachelor","3-5","No","No","No","$0","No","Founder"
"Male",63,23219,NA,"0","No","No","Yes","$0","No","Donations"
"Female",41,54523,"Graduate","15+","No","No","No","$0k-$10k","No","Founder"
"Male",64,67747,"Bachelor","3-5","Yes","Yes","Yes","$0","No","Donations"
"Female",47,85098,NA,"11-15","No","No","Yes","$50k+","No","Donations"
"Male",50,126903,"Graduate","15+","Yes","Yes","Yes","$0","Yes","Earned Revenues"
"Male",35,133666,NA,"6-10","No","No","No","$0k-$10k","No","Donations"
"Male",42,47104,"Bachelor","6-10","No","No","No","$0","Yes","Donations"
"Female",57,66530,"Graduate","15+","No","No","Yes","$0","No","Donations"
"Female",55,130022,NA,"15+","Yes","Yes","Yes","$0","No","Donations"
"Female",35,27602,"Graduate","11-15","No","No","No","$0","No","Founder"
"Female",46,63712,NA,"15+","No","No","No","$0k-$10k","No","Founder"
"Female",35,21425,"Bachelor","11-15","Yes","No","Yes","$0","No","Founder"
"Female",45,34164,"None","15+","Yes","Yes","No","$0","Yes","Parent Org"
"Female",60,73560,"Graduate","15+","No","No","No","$0","Yes","Earned Revenues"
"Male",57,66987,"Graduate","15+","No","No","Yes","$0","No","Donations"
"Male",53,90778,"Graduate","15+","Yes","Yes","Yes","$0","No","Foundation Grant"
"Female",52,73818,"Graduate","15+","No","Yes","No","$0","No","Gov Grant"
"Female",53,81882,"Graduate","15+","No","No","Yes","$0","Yes","Earned Revenues"
"Male",66,94166,"Graduate","15+","No","No","No","$0","No","Founder"
"Male",74,93736,"Graduate","15+","Yes","Yes","Yes","$0","No","Donations"
"Female",38,178006,"Bachelor","15+","Yes","Yes","Yes","$0","Yes","Founder"
"Male",78,133720,NA,"15+","Yes","Yes","Yes","$0","No","Donations"
"Male",63,63474,NA,"15+","Yes","Yes","Yes","$0","No","Donations"
"Female",43,62074,"Bachelor","15+","No","No","Yes","$0","Yes","Founder"
"Male",57,48092,"Graduate","15+","No","No","No","$0","Yes","Foundation Grant"
"Female",55,121153,"Bachelor","3-5","No","Yes","No","$0","No","Donations"
"Male",73,22244,NA,"15+","No","Yes","No","$0k-$10k","No","Donations"
"Male",NA,61404,NA,"15+","Yes","Yes","No","$10k-$25k","No","Earned Revenues"
"Female",62,40233,"Graduate","15+","Yes","Yes","Yes","$0","No","Gov Grant"
"Male",38,73748,"Graduate","11-15","No","Yes","No","$0","No","Donations"
"Male",79,43974,"Some College","15+","No","No","No","$0","Yes","Donations"
"Female",42,40903,"None","15+","No","No","No","$0","No","Donations"
"Female",37,36292,"Bachelor","15+","No","No","Yes","$0","Yes","Foundation Grant"
"Female",67,38845,"Bachelor","15+","No","No","No","$0","No","Donations"
"Female",58,1968,"Bachelor","15+","No","No","Yes","$0","No","Parent Org"
"Female",57,9866,NA,"0","No","No","No","$0","No","Member Fees"
"Female",58,56277,"Graduate","15+","No","Yes","Yes","$25k-$50k","No","Donations"
"Female",44,35391,"Graduate","11-15","Yes","No","Yes","$0","No","Foundation Grant"
"Female",27,26920,"Graduate","6-10","Yes","Yes","No","$0","No","Earned Revenues"
"Female",43,83078,"None","15+","No","No","Yes","$0","Yes","Earned Revenues"
"Male",49,84690,"Graduate","15+","No","No","Yes","$0","No","Donations"
"Male",62,78770,NA,"11-15","No","No","No","$10k-$25k","No","Donations"
"Male",29,44468,"Bachelor","6-10","No","Yes","No","$0","No","Donations"
"Female",75,146884,"Graduate","15+","No","Yes","Yes","$0","No","Foundation Grant"
"Male",59,170530,"Bachelor","15+","No","Yes","Yes","$0","No","Donations"
"Female",39,22061,"Graduate","11-15","Yes","No","Yes","$0","Yes","Gov Grant"
"Male",57,100314,"Graduate","15+","No","No","Yes","$0","No","Donations"
"Female",48,75696,"Bachelor","15+","No","No","No","$0","No","Donations"
"Female",49,49778,"Some College","15+","Yes","No","No","$0k-$10k","Yes","Donations"
"Male",57,90665,"None","3-5","No","No","No","$25k-$50k","No","Founder"
"Male",41,99811,"Bachelor","15+","Yes","Yes","No","$0","No","Foundation Grant"
"Male",59,40203,"Graduate","15+","Yes","Yes","Yes","$0","No","Donations"
"Female",65,101592,"Graduate","15+","No","No","No","$0","Yes","Donations"
"Female",72,122208,"Graduate","15+","No","No","Yes","$0","Yes","Foundation Grant"
"Male",58,61336,"Graduate","15+","Yes","Yes","Yes","$0","No","Angel"
"Male",59,130437,"Graduate","15+","Yes","Yes","Yes","$0","Yes","Donations"
"Male",65,55801,NA,"15+","Yes","No","Yes","$0","Yes","Gov Grant"
"Male",62,63474,NA,"15+","Yes","Yes","Yes","$0k-$10k","Yes","Member Fees"
"Male",65,144844,"Bachelor","15+","Yes","No","No","$0","No","Founder"
"Female",48,144567,"Bachelor","15+","No","Yes","Yes","$25k-$50k","No","Founder"
"Male",63,95755,"Graduate","15+","Yes","No","Yes","$0","No","Donations"
"Female",41,11338,NA,"11-15","Yes","No","Yes","$0k-$10k","No","Earned Revenues"
"Female",NA,63474,"Graduate","15+","Yes","No","Yes","$0","Yes","Founder"
"Male",38,148253,"Graduate","11-15","No","Yes","No","$0","No","Member Fees"
"Male",51,46668,NA,"11-15","No","No","No","$0","No","Donations"
"Female",44,29427,NA,"15+","No","Yes","Yes","$0","No","Donations"
"Male",37,51041,"Bachelor","15+","No","No","Yes","$0k-$10k","No","Member Fees"
"Male",74,108678,"Graduate","15+","No","No","No","$0","No","Founder"
"Male",30,62099,"Graduate","6-10","No","No","No","$50k+","No","Founder"
"Female",57,81735,"Graduate","15+","Yes","Yes","Yes","$0","No","Member Fees"
"Male",54,179258,"Graduate","15+","No","No","Yes","$0","No","Earned Revenues"
"Female",58,40809,"Graduate","15+","No","No","No","$0","No","Gov Grant"
"Female",44,63474,"Graduate","15+","Yes","Yes","Yes","$0","No","Donations"
"Female",61,29815,NA,"15+","Yes","Yes","No","$0","No","Donations"
"Female",49,72562,"Bachelor","15+","No","No","No","$0","No","Donations"
"Female",85,13851,"Graduate","15+","Yes","Yes","Yes","$0","No","Donations"
"Male",53,42818,"None","3-5","No","No","Yes","$0","No","Donations"
"Female",36,28181,"Graduate","6-10","No","Yes","No","$0","No","Donations"
"Male",81,71683,"Graduate","15+","Yes","No","Yes","$0","No","Member Fees"
"Male",60,60367,"Bachelor","15+","Yes","Yes","Yes","$0","No","Foundation Grant"
"Female",36,21770,"Graduate","11-15","No","No","No","$0","No","Donations"
"Female",58,27042,"Bachelor","15+","Yes","No","No","$0","No","Member Fees"
"Male",36,35466,NA,"11-15","Yes","Yes","No","$0","No","Earned Revenues"
"Male",74,81667,"Graduate","15+","Yes","Yes","Yes","$0","Yes","Donations"
"Male",80,79688,NA,"15+","Yes","Yes","Yes","$0","No","Member Fees"
"Male",34,8846,"Bachelor","6-10","No","No","No","$0k-$10k","No","Earned Revenues"
"Female",40,57871,NA,"15+","No","No","No","$0","Yes","Donations"
"Female",41,57997,"Graduate","15+","No","No","Yes","$0","Yes","Foundation Grant"
"Female",51,12870,"Graduate","15+","Yes","Yes","No","$0k-$10k","Yes","Gov Grant"
"Female",54,134836,"Graduate","6-10","No","No","No","$0","No","Earned Revenues"
"Male",64,43806,"Graduate","15+","Yes","Yes","Yes","$0","No","Gov Grant"
"Female",63,74254,"Bachelor","15+","Yes","Yes","Yes","$0","No","Earned Revenues"
"Female",NA,12985,NA,"15+","No","No","No","$0","Yes","Foundation Grant"
"Female",41,58429,"Graduate","15+","No","No","No","$0","No","Donations"
"Male",48,110497,"Graduate","15+","No","No","No","$0","No","Founder"
"Male",65,63474,NA,"15+","No","No","No","$0","No","Donations"
"Female",72,81,"High School","15+","No","No","No","$0","No","Donations"
"Female",22,1325,"Bachelor","3-5","No","No","No","$0","Yes","Donations"
"Female",55,28919,"Bachelor","15+","No","No","No","$0","No","Foundation Grant"
"Female",47,108983,"Graduate","15+","Yes","No","No","$0","No","Foundation Grant"
"Female",53,28628,"Graduate","15+","No","No","Yes","$0","Yes","Member Fees"
"Male",65,87479,"Bachelor","15+","No","No","No","$0","No","Donations"
"Male",70,63474,"Bachelor","15+","Yes","Yes","Yes","$0","Yes","Foundation Grant"
"Male",51,63474,"Bachelor","15+","Yes","Yes","Yes","$10k-$25k","No","Donations"
"Male",64,90965,"Graduate","15+","Yes","Yes","Yes","$0","No","Foundation Grant"
"Female",56,63474,"Graduate","15+","No","No","Yes","$25k-$50k","Yes","Founder"
"Female",49,2601,NA,"6-10","Yes","No","Yes","$0","No","Foundation Grant"
"Female",47,32984,"Graduate","11-15","Yes","No","Yes","$0","Yes","Member Fees"
"Female",50,49604,"Bachelor","15+","No","No","Yes","$0","No","Parent Org"
"Female",43,20257,"Bachelor","3-5","No","No","Yes","$0","No","Donations"
"Male",69,166754,"Bachelor","15+","No","No","Yes","$0","No","Foundation Grant"
"Female",35,48049,"Graduate","11-15","Yes","Yes","Yes","$0","Yes","Donations"
"Male",56,148466,"Graduate","15+","No","Yes","No","$0","No","Earned Revenues"
"Male",69,128515,"Graduate","15+","Yes","Yes","Yes","$0","No","Parent Org"
"Female",58,1174,"Bachelor","15+","No","Yes","Yes","$0","No","Gov Grant"
"Female",55,38965,"Bachelor","15+","No","No","No","$0","Yes","Foundation Grant"
"Female",41,11186,NA,"3-5","Yes","No","Yes","$0","No","Donations"
"Female",56,172158,"Graduate","15+","Yes","Yes","Yes","$0","Yes","Earned Revenues"
"Female",54,29507,"Graduate","15+","No","No","No","$10k-$25k","Yes","Angel"
"Female",63,140813,"Graduate","15+","Yes","No","Yes","$0","No","Earned Revenues"
"Female",53,63474,"Bachelor","15+","No","No","No","$0","No","Earned Revenues"
"Female",60,49739,"Graduate","15+","Yes","Yes","Yes","$25k-$50k","Yes","Foundation Grant"
"Female",47,52120,"Some College","11-15","Yes","Yes","Yes","$25k-$50k","No","Earned Revenues"
"Female",51,191666,"Graduate","15+","Yes","No","No","$0","No","Founder"
"Male",61,22725,"None","15+","Yes","No","Yes","$0","No","Foundation Grant"
"Female",78,74066,"Bachelor","15+","No","No","No","$0","Yes","Member Fees"
"Male",50,95318,NA,"15+","No","No","No","$0","No","Donations"
"Female",26,39233,"Graduate","1-2","No","No","No","$0k-$10k","No","Earned Revenues"
"Female",72,82411,NA,"15+","Yes","No","Yes","$0","No","Founder"
"Female",72,139151,NA,"15+","No","No","Yes","$0","Yes","Earned Revenues"
"Male",64,91521,"Graduate","15+","Yes","Yes","Yes","$0k-$10k","No","Founder"
"Male",44,81522,"Bachelor","15+","No","Yes","Yes","$50k+","No","Donations"
"Male",50,46305,NA,"15+","Yes","Yes","Yes","$0k-$10k","Yes","Earned Revenues"
"Female",68,62991,"Bachelor","15+","Yes","Yes","Yes","$0","No","Foundation Grant"
"Male",50,188629,"Graduate","15+","No","Yes","Yes","$0","No","Corp Grant"
"Male",59,61377,"Graduate","15+","No","No","No","$0","No","Donations"
"Female",51,29097,"Bachelor","11-15","No","No","No","$0","Yes","Earned Revenues"
"Male",66,158200,"Graduate","15+","Yes","Yes","Yes","$0","No","Member Fees"
"Female",57,50022,"Graduate","11-15","Yes","Yes","Yes","$0k-$10k","No","Earned Revenues"
"Female",54,100106,"Bachelor","3-5","No","No","Yes","$0","No","Donations"
"Female",43,84401,"Bachelor","11-15","Yes","No","Yes","$0","No","Earned Revenues"
"Male",38,97535,"None","3-5","No","No","No","$0","No","Founder"
"Male",58,60006,"Bachelor","15+","Yes","Yes","Yes","$50k+","No","Donations"
"Male",65,145770,"Bachelor","15+","No","No","Yes","$0","No","Angel"
"Male",71,73668,"Graduate","15+","Yes","Yes","Yes","$0","No","Foundation Grant"
"Female",43,84667,"Graduate","11-15","No","Yes","No","$0k-$10k","No","Member Fees"
"Female",33,13359,NA,"6-10","Yes","No","Yes","$0k-$10k","No","Earned Revenues"
"Female",42,127580,"Bachelor","15+","Yes","Yes","Yes","$0","Yes","Parent Org"
"Male",52,79970,"Graduate","15+","No","No","Yes","$0","Yes","Foundation Grant"
"Female",48,59273,"Bachelor","15+","No","No","Yes","$0","No","Donations"
"Male",34,18701,"Graduate","6-10","No","No","No","$0k-$10k","No","Founder"
"Male",NA,63474,NA,"15+","No","No","No","$0","No","Donations"
"Male",66,32630,"Bachelor","3-5","Yes","Yes","Yes","$0","No","Foundation Grant"
"Female",32,25201,"Graduate","3-5","No","No","No","$0","No","Gov Grant"
"Female",67,69827,"Graduate","15+","Yes","Yes","Yes","$0","No","Donations"
"Female",42,52213,"Graduate","11-15","Yes","No","Yes","$0","No","Earned Revenues"
"Male",62,136576,"Graduate","15+","No","No","No","$0","No","Foundation Grant"
"Male",70,154899,"None","15+","No","No","No","$0","No","Foundation Grant"
"Female",62,58240,"Some College","15+","No","No","Yes","$0","Yes","Donations"
"Male",64,48856,"Graduate","11-15","Yes","Yes","Yes","$0","No","Donations"
"Male",48,71886,NA,"15+","No","No","No","$25k-$50k","No","Founder"
"Female",37,180489,NA,"11-15","No","No","Yes","$0","No","Donations"
"Female",58,71661,NA,"15+","No","Yes","No","$0","Yes","Donations"
"Female",54,57870,"Bachelor","15+","No","No","No","$0k-$10k","No","Earned Revenues"
"Female",NA,63474,"Bachelor","15+","No","No","No","$0","No","Angel"
"Male",52,51009,"None","3-5","No","No","No","$50k+","No","Gov Grant"
"Male",40,63474,"Graduate","15+","Yes","No","No","$10k-$25k","No","Earned Revenues"
"Female",55,125485,"Graduate","15+","Yes","No","Yes","$0","Yes","Foundation Grant"
"Male",49,63474,"Graduate","15+","No","Yes","Yes","$0","Yes","Donations"
"Female",59,59403,NA,"15+","No","No","No","$0","No","Earned Revenues"
"Female",NA,94203,"Bachelor","15+","No","No","Yes","$0","No","Member Fees"
"Female",62,68078,"Graduate","15+","No","No","No","$0","No","Gov Grant"
"Male",51,49972,"Bachelor","15+","Yes","Yes","Yes","$0k-$10k","Yes","Earned Revenues"
"Female",59,157886,"Bachelor","15+","No","No","Yes","$50k+","No","Founder"
"Female",51,133260,"Some College","15+","No","No","Yes","$0","Yes","Member Fees"
"Male",60,52878,NA,"15+","Yes","No","Yes","$0","No","Parent Org"
"Female",48,68697,"Graduate","15+","No","Yes","Yes","$0","Yes","Donations"
"Female",51,46170,"Graduate","15+","No","No","Yes","$0","No","Earned Revenues"
"Male",63,97585,"None","15+","No","No","No","$0","Yes","Donations"
"Female",NA,54527,"Bachelor","15+","No","No","No","$0","No","Earned Revenues"
"Female",64,63047,"Graduate","15+","Yes","No","Yes","$0","No","Angel"
"Female",57,33732,NA,"15+","No","Yes","Yes","$0","No","Donations"
"Male",70,142741,"Graduate","15+","Yes","Yes","Yes","$0","No","Donations"
"Male",60,189395,"Bachelor","15+","Yes","Yes","Yes","$0","Yes","Parent Org"
"Female",52,74301,"Bachelor","15+","No","No","No","$0","Yes","Earned Revenues"
"Female",70,59577,"Graduate","15+","No","No","No","$0","No","Donations"
"Male",59,188741,"Graduate","15+","No","No","No","$0","Yes","Founder"
"Male",42,30509,"Bachelor","11-15","No","No","No","$0","Yes","Donations"
"Male",60,63236,"Graduate","15+","Yes","Yes","Yes","$0","Yes","Gov Grant"
"Female",55,41032,"Bachelor","15+","No","Yes","Yes","$0","No","Member Fees"
"Female",53,68000,NA,"15+","No","No","No","$0","No","Donations"
"Female",72,63474,"Bachelor","15+","No","No","No","$0","No","Angel"
"Male",41,73535,"Bachelor","15+","No","Yes","Yes","$0","Yes","Angel"
"Female",62,41549,"Graduate","15+","No","No","Yes","$0","No","Parent Org"
"Female",78,77340,"Graduate","15+","Yes","Yes","Yes","$0","No","Gov Grant"
"Female",65,172867,"Graduate","15+","Yes","No","Yes","$0","No","Founder"
"Male",52,60830,"Graduate","15+","Yes","Yes","Yes","$50k+","No","Founder"
"Male",62,147996,"Graduate","15+","No","No","No","$0","No","Donations"
"Female",62,59710,"Bachelor","15+","Yes","Yes","Yes","$0","No","Foundation Grant"
"Male",50,196445,NA,"15+","No","No","Yes","$0","No","Donations"
"Male",57,63474,"Graduate","15+","No","No","No","$0","No","Donations"
"Male",54,63474,"Graduate","15+","Yes","Yes","Yes","$0k-$10k","No","Earned Revenues"
"Male",71,63474,NA,"15+","No","No","Yes","$0","No","Donations"
"Female",46,174435,"Bachelor","6-10","No","No","No","$0k-$10k","No","Corp Grant"
"Male",64,78162,"Bachelor","15+","Yes","Yes","Yes","$0","Yes","Foundation Grant"
"Female",62,145389,"Graduate","15+","Yes","Yes","Yes","$50k+","No","Angel"
"Male",42,1026,"Graduate","11-15","No","Yes","Yes","$0","No","Donations"
"Female",36,29520,"Bachelor","6-10","No","No","Yes","$25k-$50k","Yes","Donations"
"Female",60,28176,"Graduate","15+","Yes","Yes","Yes","$0","Yes","Foundation Grant"
"Female",64,24407,NA,"15+","Yes","No","Yes","$0","No","Member Fees"
"Male",44,121950,"Graduate","15+","Yes","Yes","Yes","$0k-$10k","No","Founder"
"Male",63,148464,"Bachelor","15+","No","Yes","Yes","$0","Yes","Donations"
"Female",52,11642,"Graduate","15+","No","No","No","$0","No","Donations"
"Male",64,96637,NA,"0","No","No","No","$0","No","Member Fees"
"Female",53,27410,"Graduate","6-10","No","No","No","$0","No","Donations"
"Female",60,145158,"Graduate","15+","No","No","Yes","$0k-$10k","No","Foundation Grant"
"Female",60,51738,"Graduate","15+","No","No","Yes","$0","No","Founder"
"Male",66,64811,"Bachelor","15+","No","No","Yes","$0","Yes","Donations"
"Male",42,21633,"None","6-10","No","No","Yes","$0","No","Donations"
"Female",62,196163,"Graduate","15+","Yes","Yes","Yes","$0","No","Founder"
"Female",52,144061,"Bachelor","15+","Yes","No","Yes","$0","Yes","Foundation Grant"
"Male",82,63474,"Graduate","15+","Yes","Yes","Yes","$0","No","Donations"
"Female",40,60916,NA,"15+","No","No","No","$10k-$25k","No","Founder"
"Male",36,119890,NA,"15+","Yes","No","Yes","$0","No","Founder"
"Female",38,59957,"Bachelor","11-15","Yes","No","No","$0","No","Earned Revenues"
"Female",61,197777,"Bachelor","15+","No","No","No","$0","No","Gov Grant"
"Male",65,154345,"Graduate","15+","Yes","Yes","Yes","$0","Yes","Parent Org"
"Female",49,5511,NA,"6-10","No","Yes","Yes","$0k-$10k","No","Earned Revenues"
"Female",38,33297,"Bachelor","6-10","No","No","Yes","$0","No","Donations"
"Male",69,26636,"Bachelor","15+","No","Yes","Yes","$0","Yes","Angel"
"Male",42,90109,"Graduate","15+","Yes","No","No","$50k+","Yes","Founder"
"Female",50,63474,"Graduate","15+","Yes","Yes","Yes","$0","Yes","Donations"
"Female",60,55944,"Graduate","15+","Yes","Yes","Yes","$0","No","Donations"
"Female",32,27104,NA,"6-10","Yes","No","No","$0","No","Donations"
"Female",56,33992,"Graduate","11-15","No","No","No","$10k-$25k","No","Donations"
"Male",62,45662,"Bachelor","15+","No","No","No","$0","No","Donations"
"Male",69,50244,"Graduate","15+","Yes","Yes","Yes","$0","Yes","Gov Grant"
"Female",54,83043,"Graduate","11-15","No","No","No","$0","No","Donations"
"Female",42,63474,"Graduate","11-15","No","No","No","$0","No","Donations"
"Female",37,63474,NA,"15+","No","No","Yes","$0","Yes","Donations"
"Male",53,33697,"None","15+","Yes","No","Yes","$10k-$25k","No","Member Fees"
"Male",33,54221,NA,"11-15","No","No","Yes","$0","No","Angel"
"Male",54,65070,"Bachelor","15+","No","No","Yes","$0","No","Member Fees"
"Female",NA,109345,NA,"15+","Yes","No","No","$0","No","Donations"
"Male",NA,63150,"Graduate","15+","Yes","Yes","No","$0","No","Donations"
"Male",NA,60357,"Graduate","15+","No","No","No","$0","No","Donations"
"Female",40,57062,"Graduate","11-15","No","No","No","$0","No","Earned Revenues"
"Male",29,2978,"Bachelor","6-10","No","Yes","Yes","$0","No","Founder"
"Male",33,9776,"Graduate","3-5","No","No","Yes","$0","Yes","Foundation Grant"
"Male",58,69351,"Bachelor","15+","Yes","No","No","$0","No","Foundation Grant"
"Female",51,21209,"Graduate","15+","Yes","No","No","$0","No","Member Fees"
"Female",63,114905,"Graduate","15+","Yes","Yes","Yes","$0","Yes","Parent Org"
"Female",NA,66027,"Bachelor","15+","Yes","Yes","Yes","$0","Yes","Foundation Grant"
"Female",41,82240,"Graduate","11-15","Yes","Yes","No","$0","Yes","Donations"
"Female",43,28228,"Graduate","15+","No","No","Yes","$0","Yes","Foundation Grant"
"Male",64,126206,"Graduate","15+","Yes","Yes","Yes","$0","No","Member Fees"
"Male",62,63474,"Graduate","15+","Yes","Yes","No","$0","Yes","Foundation Grant"
"Male",51,87861,"Graduate","15+","No","No","No","$0","Yes","Parent Org"
"Female",56,11374,"Graduate","15+","No","No","No","$0","No","Donations"
"Female",NA,58166,"Graduate","15+","Yes","No","Yes","$0","No","Donations"
"Female",50,17445,"Bachelor","15+","No","Yes","Yes","$0","No","Earned Revenues"
"Female",24,12795,"Graduate","0","No","No","No","$0","No","Donations"
"Female",50,104787,"Graduate","15+","Yes","Yes","Yes","$0","No","Gov Grant"
"Female",33,148266,"Bachelor","11-15","No","No","No","$0","No","Donations"
"Male",44,58261,"Graduate","15+","Yes","No","Yes","$0","No","Donations"
"Male",31,83470,"Bachelor","6-10","No","No","No","$10k-$25k","No","Donations"
"Female",55,199147,"Bachelor","15+","No","Yes","No","$0","No","Donations"
"Female",56,90621,"Graduate","15+","Yes","Yes","Yes","$0","Yes","Foundation Grant"
"Male",57,150054,"Bachelor","15+","No","Yes","Yes","$0","No","Founder"
"Male",48,66233,"Graduate","11-15","Yes","Yes","No","$0","Yes","Foundation Grant"
"Female",30,35699,"Graduate","6-10","No","Yes","No","$0","Yes","Founder"
"Female",40,177459,NA,"15+","Yes","Yes","No","$0","No","Donations"
"Female",55,167978,"Graduate","15+","Yes","Yes","Yes","$0","No","Foundation Grant"
"Female",50,33307,"Bachelor","15+","Yes","No","No","$0","No","Foundation Grant"
"Female",26,19238,"Bachelor","3-5","No","No","No","$0","No","Donations"
"Male",52,64633,"Bachelor","15+","Yes","No","No","$50k+","No","Earned Revenues"
"Male",70,42261,"Bachelor","15+","No","No","Yes","$0","No","Donations"
"Female",41,96607,NA,"15+","No","No","No","$0","No","Foundation Grant"
"Male",33,78885,"Graduate","11-15","Yes","Yes","Yes","$0","Yes","Foundation Grant"
"Male",31,41762,"Graduate","6-10","No","No","Yes","$0","No","Donations"
"Female",44,86683,"Bachelor","15+","No","No","No","$0k-$10k","No","Donations"
"Male",46,50951,"Graduate","15+","Yes","Yes","No","$10k-$25k","No","Earned Revenues"
"Female",70,134384,"Graduate","15+","Yes","Yes","Yes","$0","Yes","Donations"
"Male",55,32530,NA,"15+","No","No","No","$0","No","Donations"
"Female",52,144347,"Bachelor","15+","Yes","No","Yes","$0","No","Donations"
"Female",64,7088,"Bachelor","0","No","No","No","$0","No","Donations"
"Female",50,67832,"Bachelor","6-10","No","Yes","Yes","$0","No","Foundation Grant"
"Female",79,39943,"Graduate","15+","No","No","No","$10k-$25k","No","Founder"
"Male",57,21029,"High School","3-5","No","No","No","$0","No","Earned Revenues"
"Female",65,104205,"Graduate","15+","Yes","Yes","Yes","$50k+","Yes","Gov Grant"
"Female",48,140917,"None","15+","No","No","Yes","$0","No","Founder"
"Male",67,190609,"Bachelor","15+","Yes","Yes","No","$0","Yes","Donations"
"Male",32,53939,"None","11-15","Yes","No","Yes","$0","No","Donations"
"Male",67,88657,"Bachelor","15+","Yes","Yes","Yes","$0","Yes","Founder"
"Male",59,77900,NA,"11-15","Yes","Yes","Yes","$0","Yes","Donations"
"Female",57,73557,"Graduate","15+","No","Yes","Yes","$0","No","Donations"
"Male",71,98416,"Graduate","15+","No","Yes","Yes","$0","No","Donations"
"Female",64,143576,"Graduate","15+","No","No","Yes","$0","Yes","Donations"
"Male",30,22343,"Bachelor","6-10","No","No","No","$0","No","Earned Revenues"
"Male",62,57296,"Graduate","15+","Yes","Yes","Yes","$0","No","Donations"
"Female",65,37133,NA,"15+","No","No","Yes","$0","Yes","Gov Grant"
"Female",51,19938,NA,"11-15","No","No","No","$0","No","Donations"
"Male",43,16566,NA,"15+","No","No","No","$0","No","Member Fees"
"Male",71,99669,"Graduate","15+","Yes","Yes","Yes","$0","No","Parent Org"
"Male",69,112749,"Graduate","15+","Yes","Yes","Yes","$0","No","Donations"
"Male",58,94481,"None","15+","No","Yes","Yes","$0","No","Member Fees"
"Male",40,50499,NA,"11-15","Yes","No","No","$0","No","Donations"
"Male",37,43413,"Bachelor","11-15","No","No","No","$10k-$25k","No","Founder"
"Male",33,7030,"Bachelor","6-10","Yes","Yes","Yes","$10k-$25k","Yes","Donations"
"Male",60,108739,NA,"15+","Yes","No","No","$0","No","Founder"
"Male",59,69657,"Graduate","15+","No","No","Yes","$50k+","Yes","Founder"
"Male",51,75479,"Graduate","15+","No","Yes","No","$0","No","Donations"
"Male",38,92037,"Bachelor","6-10","No","No","No","$0","No","Donations"
"Female",58,89701,"Graduate","15+","No","No","Yes","$0","No","Founder"
"Male",66,129123,"Bachelor","15+","No","Yes","Yes","$0","No","Gov Grant"
"Female",55,190720,"Graduate","15+","Yes","Yes","Yes","$50k+","No","Gov Grant"
"Male",60,81809,"Graduate","15+","No","No","Yes","$0","Yes","Foundation Grant"
"Female",65,76337,"Graduate","15+","No","Yes","Yes","$0","No","Donations"
"Female",51,163226,"Graduate","15+","No","No","No","$0","No","Earned Revenues"
"Female",50,89587,"Graduate","15+","No","Yes","Yes","$0","No","Donations"
"Male",35,49903,NA,"6-10","Yes","No","Yes","$0k-$10k","No","Donations"
"Male",47,95820,"Bachelor","15+","No","No","No","$0k-$10k","No","Founder"
